Mar-21-2006,216.199.188.100,will,will@whatever.com,404
Mar-21-2006,216.199.188.100,will,will@whatever.com,404
Mar-21-2006,216.199.188.100,will,will@whatever.com,404,Date : Mar-21-2006
-------------------------------------------

More Info About Will Bowling.com

The browser used was Mozilla/5.0 (Macintosh; U; PPC Mac OS X Mach-O; en-US; rv:1.8.0.1) Gecko/20060111 Firefox/1.5.0.1
The IP address was 216.199.188.100
-------------------------------------------
Name : will
Email : will@whatever.com
Phone : 404
Message : Date : Mar-21-2006
-------------------------------------------

More Info About Will Bowling.com

The browser used was Mozilla/5.0 (Macintosh; U; PPC Mac OS X Mach-O; en-US; rv:1.8.0.1) Gecko/20060111 Firefox/1.5.0.1
The IP address was 216.199.188.100
-------------------------------------------
Name : will
Email : will@whatever.com
Phone : 404
Message : 
-------------------------------------------
Mar-21-2006,216.199.188.100,will,will@whatever.com,404,
"2006-03-21 21:08:39","","","","Mozilla/5.0 (Macintosh; U; PPC Mac OS X Mach-O; en-US; rv:1.8.0.1) Gecko/20060111 Firefox/1.5.0.1","216.199.188.100","will","will@whatever.com","404","Yo Yo Yo Yo Yo Yo","will@willbowling.com","$_GET[source]"
"2006-03-21 21:10:01","","","","Mozilla/5.0 (Macintosh; U; PPC Mac OS X Mach-O; en-US; rv:1.8.0.1) Gecko/20060111 Firefox/1.5.0.1","216.199.188.100","will","will@whatever.com","404","Yo Yo Yo Yo Yo Yo","will@willbowling.com","$_GET[source]"
"2006-04-08 15:51:31","","","","Mozilla/5.0 (Macintosh; U; PPC Mac OS X Mach-O; en-US; rv:1.8.0.1) Gecko/20060111 Firefox/1.5.0.1","65.35.116.163","will","will@whatever.com","404","","will@willbowling.com","$_GET[source]"
"2006-04-08 18:11:19","","","","Mozilla/5.0 (Macintosh; U; PPC Mac OS X Mach-O; en-US; rv:1.8.0.1) Gecko/20060111 Firefox/1.5.0.1","65.35.116.163","test","test@test.com","404","","will@willbowling.com","$_GET[source]"
"2006-04-08 18:20:10","","","","Mozilla/5.0 (Macintosh; U; PPC Mac OS X Mach-O; en-US; rv:1.8.0.1) Gecko/20060111 Firefox/1.5.0.1","65.35.116.163","test","test@test.com","404","","will@willbowling.com",""
"2006-04-08 19:19:22","","","","Mozilla/5.0 (Macintosh; U; PPC Mac OS X Mach-O; en-US; rv:1.8.0.1) Gecko/20060111 Firefox/1.5.0.1","65.35.116.163","test","test@test.com","test","","will@willbowling.com",""
"2006-04-08 19:22:17","","Mozilla/5.0 (Macintosh; U; PPC Mac OS X Mach-O; en-US; rv:1.8.0.1) Gecko/20060111 Firefox/1.5.0.1","65.35.116.163","test","test@test.com","test","","will@willbowling.com",""
"2006-04-08 19:25:02","","Mozilla/5.0 (Macintosh; U; PPC Mac OS X Mach-O; en-US; rv:1.8.0.1) Gecko/20060111 Firefox/1.5.0.1","65.35.116.163","test","test@test.com","test","","will@willbowling.com",""
"2006-04-08 19:25:58","","Mozilla/5.0 (Macintosh; U; PPC Mac OS X Mach-O; en-US; rv:1.8.0.1) Gecko/20060111 Firefox/1.5.0.1","65.35.116.163","test","test@test.com","test","","will@willbowling.com",""
"2006-04-08 19:26:03","","Mozilla/5.0 (Macintosh; U; PPC Mac OS X Mach-O; en-US; rv:1.8.0.1) Gecko/20060111 Firefox/1.5.0.1","65.35.116.163","test","test@test.com","test","","will@willbowling.com",""
"2006-04-08 19:27:14","","Mozilla/5.0 (Macintosh; U; PPC Mac OS X Mach-O; en-US; rv:1.8.0.1) Gecko/20060111 Firefox/1.5.0.1","65.35.116.163","test","test@test.com","test","","will@willbowling.com",""
"2006-04-08 19:30:58","65.35.116.163","Mozilla/5.0 (Macintosh; U; PPC Mac OS X Mach-O; en-US; rv:1.8.0.1) Gecko/20060111 Firefox/1.5.0.1","test","test@test.com","test","","will@willbowling.com",""
"2006-04-08 19:33:55","65.35.116.163","Mozilla/5.0 (Macintosh; U; PPC Mac OS X Mach-O; en-US; rv:1.8.0.1) Gecko/20060111 Firefox/1.5.0.1","test","test@test.com","test","","will@willbowling.com",""
"2006-04-08 19:34:56","65.35.116.163","Mozilla/5.0 (Macintosh; U; PPC Mac OS X Mach-O; en-US; rv:1.8.0.1) Gecko/20060111 Firefox/1.5.0.1","test","test@test.com","test","","will@willbowling.com",""
